0.040543249191148614,45.13517502162464
0.13805774657960826,78.04211375871823
0.40299530438550507,-41.86079263434189
0.7750495795691145,-35.699386390329664
2.045798518391053,-22.152165628253325
2.0870159542029945,-68.28156073144655
2.4274678102006564,69.64845805906228
2.7775113670244944,-56.16834318183399
2.82772114755982,39.23887771108967
2.8827172660800118,-22.455397958259287
3.2102390691077103,-76.0471306479142
3.9146570170344286,-42.03596324336519
3.9317275430558047,-59.411021121051256
4.046387625649498,42.236958417153566
4.134254167340304,56.81672461569239
4.451980745229809,-19.556127895300847
5.914806787366126,-28.26988511701541
6.050146988964622,29.43133727062014
6.165209636383126,-69.4967470074402
6.387323966418982,62.03234723295292
6.4985544575046585,50.56331077014136
6.688727841452148,-35.555160115815674
6.768314913208427,30.454035155424485
6.8237546536152935,-34.71325340323311
6.844325954047385,50.69386642103157
7.576690426481062,-33.902691468779466
7.671855135958612,-43.18767201831304
7.767537573079343,-36.835490321988345
8.318087402814587,-64.74691075772074
8.474476957970573,-56.34208953394079
8.707799466772673,-31.4420675678552
8.805129830785475,-35.189622051814936
8.946466599625325,-81.2232194396632
9.047733881236095,31.09703599407866
9.45925448627666,-56.93948519950678
10.768694811495543,-16.918422059734766
11.066183700795447,-63.8407902991577
11.36423678044326,49.42352001701855
11.369055192336305,-72.93141281067716
11.722062861129679,-37.961504062302865
11.922149977332346,-63.53799838894335
12.593225070238304,-20.10764619386606
12.81390958101126,49.68819220328753
13.063603098663993,-75.4675989108813
13.746041718822156,-45.53261849310027
14.097829758250015,38.38787019719
14.337478979223436,60.23358254663946
14.721112093134966,-62.49637022387285
15.75079017890646,-28.66459207354001
17.25728471582303,-70.71674355868564
17.72620230079388,-51.4041786207047
18.066878298153814,-36.382883420572846
18.1852984104362,-60.005925948140685
18.32484088272685,-28.50727915657627
18.54087640261203,-25.69191348981901
18.645026490638713,-83.11475085385493
18.73035269792775,23.56124152330338
18.733981166841666,-15.491083277931352
18.761895282854137,-61.65730280702573
18.84519732674485,22.43112881215897
18.925443054383774,-33.6488761229315
19.12925445939406,31.23648796636281
19.48764042261385,-80.9713639590378
20.08482353748823,37.47444509382209
20.214252207165387,-36.847746095483906
20.495118123572773,-47.357043982680686
20.669879245819946,37.996415902469714
21.0295735959371,-29.043872478150817
21.082241606700197,38.0037494400491
21.10881062049842,33.241848582151476
21.369583827914926,-43.02462767138493
22.030856203530394,17.754108078887995
22.12323822759416,-38.813227947083114
22.98649869036252,19.492138225843465
23.055625245508452,20.523696733096386
23.17541076261322,86.71971126246572
23.40857288008215,-15.261295223684614
23.876707907875158,-13.884711125747868
24.443056136571602,22.768606615032102
24.46384748049345,-18.08855000660549
25.02090631192355,-41.491173822702045
25.07301624694887,-78.64893471431864
25.1332073067745,-75.88829318862305
25.899679474169197,-46.67976242458224
26.09056868864151,-25.625029448528892
26.340177156763534,-58.64204645391586
26.734322749644214,-38.94845138574965
27.238720985477272,15.738385758442845
27.288552338114396,23.79646535630546
27.39140986437291,15.398160375506166
27.77738536909898,10.880554892933832
27.778138556441423,-49.72757458859578
27.81259649131446,-45.939227416971185
27.92118836470307,15.54450400866287
27.998116785324925,-69.85962129766463
28.050893657041613,25.43625034205296
28.08260125926393,10.79414751830248
28.1585667116558,-8.624712439790072
28.630327214889757,50.15660293516675
28.77594897328973,-33.56406435010857
28.892508440150763,60.13629929594786
29.06719079283059,44.5546531820076
29.558651086132755,-60.16784241260501
29.668919194683674,-47.63506240832231
29.803595428147148,-17.401058417188434
29.877003887525014,-17.816053732179736
30.27280542046553,-16.947545986355706
30.704001378144874,9.44262615681717
30.908672115139836,34.372232921185514
31.37471227776739,-71.95926735406715
31.416916126243976,-19.16372880579057
31.935030992731104,78.7172318543971
32.12320953455412,-14.963970258924787
32.131231591734306,-44.364437578974645
32.31695231294282,66.07584549246079
32.77860661348125,19.698240751837105
33.2770532246655,-17.540123743317768
33.46383396814117,-48.430739191974276
33.8177999617892,77.18297068693244
33.832997129105074,-46.571818114939354
33.971507060015476,-76.6177687451154
34.38049484768954,51.57281272946925
34.7865125492174,31.71457191305855
35.894683625520635,-61.393668026143295
36.096263905537185,-17.432663578812225
36.36440183929521,16.015623136853662
36.696024598972244,-15.677629404542742
36.736551526412526,14.937853436771505
36.77696052106049,-16.511610311862132
36.80804785153856,-14.95032805588549
37.05744064380889,-70.55477063063185
37.25128468554264,-16.277547891488084
37.31061526577375,-21.545089750663863
37.48123680633525,71.52526890838992
37.67369787676787,15.715484134155785
37.69295035044635,-46.87775480695777
38.68152985484369,24.500384652166986
38.955297067691674,-46.90199082870382
39.216625886373826,-75.96461724392054
39.32242435072809,-59.880600228532664
39.343682543930576,73.28892449737748
39.85395573153847,-39.96385597976215
39.86903442740857,18.70495906141456
39.98373019143933,-53.12013235301731
40.038215245460506,74.95430146856447
40.11857586144795,-42.58622485331895
40.28162449157964,37.36350189522182
40.5844313654089,77.12035913549374
41.43690131445983,-66.81273659676378
41.4516310209356,29.100625582569972
41.69979239310069,21.68608066563011
42.19669200240232,63.008609230150995
42.32804331102476,17.485532239816298
42.532318719598116,35.2033983643517
42.54149716636308,18.023746754489924
42.81172755015572,56.61008567958498
42.81300973876875,-82.97340656846009
43.448390054880754,-41.27817353387803
44.072991165834104,-59.30486117177762
44.203659251623534,48.66989695484921
44.21859810362348,52.13655152078695
44.46350355331292,-65.42405546952332
44.589075729699495,-20.46425618774383
44.77205051887908,-51.303281398303966
44.838962467083114,10.021729159006439
45.042252058317565,30.381768052486247
45.10011633764938,-43.18060854391629
45.138640432012,67.78738470585063
45.20652568217275,15.630154580854821
45.3229374613437,-38.469048949705275
45.479780300075205,17.800358678010852
45.50389629515112,-8.622944966850852
45.50740576039558,-37.21781940509353
45.51849457251309,16.262397871566222
45.87556786862925,57.70921542644678
45.96010386839485,-26.94320681777837
46.105599922996475,27.180428420755128
46.13719798888624,30.729936133214196
46.26897782936617,-70.4729211738141
46.36248055373826,-6.830021354261517
46.39978705093067,11.719283884753905
46.474294153645886,-49.44446128035233
46.887288694676634,56.48361984342215
47.4879727894971,37.37214935062281
47.53878178482753,8.551807391068351
47.716333860278546,-59.47775353909501
47.736296843663986,-60.155894112620466
48.0817471146824,-46.630124340651896
48.093523700932096,27.188330467944628
48.10745652423736,57.16462080072442
48.21977058228287,-65.00977515867471
48.24770872560689,-51.593979616843434
48.39678308377968,-16.781970801080252
48.471117809456,34.86036937327176
48.75749296103719,53.1809115538004
48.91101879740716,-25.551706038550023
49.093370710047324,25.239339805485955
49.18922212715689,65.05739539028315
49.22114695176618,30.875437336646762
49.323132240175646,44.37115103405407
49.6970294535462,-49.4642645472143
49.80380648419786,-25.16828653930219
50.06781218402504,-27.322996529537722
50.40452872401966,31.17226646148795
50.4634661542377,67.54901110381718
50.98181945563372,-61.48889662073384
51.40373362344317,-61.15988911113831
51.485887416380656,-30.87452710025431
52.08751438413748,46.1355040368972
52.357156592191245,-31.98799819912813
52.93643877398512,10.424843862025014
53.44028656284581,-36.25607445595331
53.5338318785839,59.52681851583419
53.553408804364125,-29.855512432032032
53.63343602971919,-41.84136542492658
53.640438534909364,-34.48046525648094
53.80473663959999,36.494155853574355
53.88360469854327,-64.60321137734232
53.9984313395333,-45.066208158258384
54.851312769711406,54.30113534219414
54.95631397533461,-33.39137229892336
54.99797184283269,53.41524732613298
55.59297298043065,31.859891269164905
55.80857305220288,32.90681231235758
55.954198419132034,-34.896199489949005
56.14181103200344,28.06511513079424
56.3839082777506,23.362092645849327
56.62231036759135,88.42208859482261
56.77370958726293,36.32045493416646
56.79581308093197,-11.60772458380724
56.93505177361814,-55.08411452923556
57.089034069949676,-74.45960418788493
57.09691343430744,11.195825528717478
57.254166598421484,-45.3497488877332
57.618329154164684,34.93753384986017
57.733061699992334,51.58016838420346
57.783082142312864,52.328207991887396
57.802762368713296,88.00184080896642
57.921090850372856,27.643724158781968
57.92695046409403,-7.401174998536477
58.296921320866105,18.550716149195594
58.313379227305525,41.96894853858149
58.42109907902424,-33.50043220038169
58.8157970672801,-49.68551397604668
59.18130420541269,32.913026371633485
59.29061368772157,44.495849370820586
59.477915669874676,33.06856668290825
59.52591823936152,16.233827190268062
59.720647820596476,-46.21086086758771
59.76798656871679,14.597278109582193
59.81819569432472,-39.09623070987377
60.003869371156604,-18.68290465962956
60.10397787325243,15.590808501093367
60.13141287349003,11.440173485771568
60.16623200851382,64.50030757725668
60.55231345790186,27.003655443382684
61.47429118371091,-14.690068250124199
61.75583156939812,88.11829355583207
62.442855158329394,-46.430332662086755
62.462309371678025,-21.354048089862005
62.946647730433156,43.69600976727335
63.38369104485477,53.44699956224782
63.80788677344758,11.421173448239527
63.912429648883794,-16.751847406256502
64.11655668241879,-53.72232949664739
64.98369017868693,16.716052206049298
65.28641099289106,44.533759789732095
65.32334779493236,-64.84212415800819
65.35202299058807,-8.016336034795813
65.45125760850932,78.10820010780634
65.79150364765694,41.80539261294825
65.81205685086799,-83.7700216686798
65.89196190432607,31.596616520540902
66.01039055434491,-23.30218323540632
66.19601460541836,12.864146533053102
66.2653137047373,20.824206086136872
66.34148418905237,26.147934173309558
66.41027763968164,27.037567702394934
66.59476104916371,-58.51997731306938
66.68349860515492,68.4490073517214
66.76462012853969,-8.429011778960003
66.85805801147852,22.487725979250158
67.17915426697094,67.46328746659596
67.21630143344568,-20.49207265613383
67.36536348189205,10.749560947152176
67.52585668672938,34.758882978111785
67.72220671507935,-24.132092200697883
67.89395182175933,-32.296613466585995
68.22768332401529,15.18740268407582
68.36798910809543,81.81204795780114
68.49556492768852,-39.12897843200417
68.61337641993286,-46.60610311964362
69.35866686601155,-15.589590279974857
69.39069396725299,68.05038670390782
69.47988802585641,-29.066134069006534
69.66963714083124,-79.26223032504146
69.92173342321975,-18.90370690536038
70.08923843848753,-31.790374043079357
70.89914205784224,49.26381734222089
71.21571870194666,28.864581833670822
71.39013441259209,59.549223755426034
71.63106250537513,29.784492201655645
71.67438639528051,-42.76051791655888
71.8250808589385,-56.55550562474698
72.40214522049413,-78.45927387216327
72.59969944289881,-43.259435914671634
72.62667141489372,41.466182373126586
72.79119325448394,-18.733838210588047
72.80195212242779,-41.12721892827477
72.96839544230625,-12.26637357473301
73.31582757713664,67.52604612554107
73.38900976376385,-80.0111675365145
73.64046313353458,36.50109286878343
73.8271117575068,-54.92157411111822
73.97822266578889,-27.825348690280137
74.08922502033751,-54.68827816999277
74.37636824980255,71.11557025631045
74.75906374899836,-24.599017592738303
75.08889358401827,19.83642412836963
75.11286071781585,-58.8394662416859
75.30376861991184,37.21281001624132
75.71423155347878,13.51983103299598
75.85596480894573,15.534320196610365
76.1811569455192,-47.30081786543317
76.44042409622371,23.53915846989274
76.51273639637739,21.738988262840987
76.55686626893613,60.29181505796418
76.81631672700621,-32.57640533574639
77.20352245452844,-65.45917444110225
77.6713547183068,30.59086583246355
77.70214748781348,26.70742944049495
77.90232147721746,-26.63026031158893
78.10772285618553,-83.83471551643748
78.36600943378252,-47.22561796168725
78.67710614372778,20.06877350355512
79.3522607059511,28.358909845343703
79.36245232284973,38.063961981412255
79.88346781531378,14.975426307395734
80.16492625063168,57.65985341212252
80.37959692367457,14.645290163080704
80.41113407964312,-33.24203459112081
80.55393284462058,-24.820192778441648
80.64659802109014,64.31532975826093
80.65342077921774,-46.819130520253445
80.70091680660215,48.317658380020674
81.00165894393466,-50.93036068296121
81.02685381127367,50.57379430394656
81.2288397532701,-41.95231446755847
81.3100330383633,-68.56384102826777
81.56444409906858,26.51831002589405
81.60378104501855,18.475259988328077
81.72874054098244,70.15413728106535
82.06320031590035,27.233811647593733
82.31319197524957,-67.0061152876587
82.37200308455155,22.356479889026502
82.88689323866515,-75.10531586326115
83.14551835158768,66.57563743010408
83.29923256868385,-31.03634868566661
83.56195443953092,24.90896508463831
83.85926284285671,-55.439485459056776
83.86553953155227,85.09146182899326
84.10311087322347,58.72832039455512
84.13858687577252,-35.41411670945492
84.15660264665027,-8.635293720237641
84.19738797433716,-47.481080218008145
84.4160359900476,-12.43208743549276
84.47391501307429,12.632521157919625
84.50998524208113,31.35269680490141
84.6258320805937,-15.861484436621152
84.69134449376116,42.284598378147614
84.69194831175943,-58.6006281867889
84.81147894073605,-62.181912850688065
84.82314258533705,20.66367615007405
84.85349942188893,35.05508672088177
85.23666603142578,39.42000284825955
85.72252825590931,10.667452290950736
85.8218275562847,35.44512233808772
85.95597866181707,25.235734869869376
85.9814399574732,26.690849763145565
86.07439226014836,-41.996178767299426
86.28903095481601,74.76936970752503
86.35020212902266,-13.947583468913535
86.43228458674326,-24.95802298933761
86.470338326334,15.314217350606713
86.54125302020383,-26.676347561651
86.58280289167887,73.11128439787286
86.62152850263102,30.26421254788557
86.73185943946461,-61.16537788050704
86.858671208189,-81.39692432429953
86.93795550304554,53.189910403715274
87.03726451801256,-57.37411745715136
87.03822757468555,22.49319013058617
87.25353950447752,-41.861543142045115
87.3911313143821,-34.589218280351005
87.39673916005276,50.929250686951534
87.44807601160468,-21.561605394774972
88.53718035497404,41.18669115296853
88.83929381730455,-12.991391136057599
88.98833537518337,55.07558986794565
89.0624497578672,-11.791012710184534
89.39157865515247,69.36561040273212
89.46886789234051,-58.097201060623064
89.52485068104765,62.349892959074005
89.81420076083789,-39.5662897380379
89.99388763212481,-43.91762515709752
90.04227864110811,34.09869990982502
90.12280716295162,-13.87066372092221
90.62054384539441,33.52642240649779
90.66823351985846,-52.34624599236619
91.27465240738594,-38.62016652472389
91.40897158760885,-51.01361793081461
91.56254570633835,8.506395862566151
91.79544805079006,-27.00292484796927
91.83024731523146,26.11657816452125
92.11851498560871,-33.73542721427376
92.16050879082717,-66.01606320090846
92.30346430902908,-55.758465740659496
92.3466063527461,14.221758140777665
92.46516281422716,-35.223968894322844
92.64504790207896,20.78639415889168
92.6965758044735,59.92732935765936
92.71962006363847,73.46018084852767
93.04856864805414,-32.38741400141214
93.41986456152522,-16.268932541369082
93.42360228104248,-43.218557988337714
93.71378383650722,-30.90530342024839
93.92959630210564,34.929706724353764
93.93728596645953,-82.22338020561801
93.94052783237251,13.757924402136268
93.94070178061057,-38.82294328536287
94.0084943057927,27.418499903618578
94.31995372053865,-11.319832110291214
94.44021709719348,36.13495471143602
94.4637838440808,-69.65840392471604
94.5683627203923,51.030240952070464
94.61384379765602,-41.2464457946941
94.69769452084921,26.363070987066518
95.00084456534223,-37.14705949471501
95.2280137103135,67.41451101868128
95.29281195477236,44.13181597808335
95.39263856927515,14.432439900916949
95.49551806915709,16.41835158088513
95.65983193002006,-50.01756658894075
95.75855475214351,-11.160767659289448
96.10053404521237,12.463609436999436
96.14894812339142,56.24692853492372
96.43222575848776,-20.89301113584108
96.77621951966948,-50.29338328800421
96.7833894857315,-50.20070346581797
96.83968255415412,52.49116874253961
96.8836799683363,24.180814597565398
96.99356979943762,-53.644315075947475
97.15028657625744,39.208986254155356
97.37835177375952,-17.118712898476762
97.52320264379713,51.706840506732405
97.52689146039972,-14.893482706690266
97.72753444379148,38.127666338405376
97.78341140135679,46.956103701445684
97.94413813559088,19.437059967700392
98.10494726943148,30.309453444837146
98.30449216234202,-41.15775568526064
98.389291198567,77.22786853048035
98.39586227755458,57.68549735736133
98.44645348873688,56.59341841096799
98.62074436181604,51.76501352200618
98.64588135212291,23.209916031141447
98.67940648074357,-7.042520401309048
98.75907124704835,-28.63497637329884
98.9712833688248,24.861882130934678
99.24914057904644,42.54330466835508
99.30969791908804,20.922789331576965
99.38267075919235,25.197968055421185
99.48454509336077,55.60515284549755
99.48859289506296,37.72963163049902
99.55074625700308,34.2377750525018
99.57540179626996,-58.64013400094825
99.62813345847971,14.86252383664507
99.86674286868622,58.45691361423256
100.04510286378486,23.737431757274322
100.07935687136928,17.065633854329093
100.14227016590328,41.67590050355597
100.22618412038624,-29.640821704196
100.22646726085985,33.812079257872874
100.3875249489628,16.73621492447917
100.45349618109854,16.79167226893523
100.45864396289379,-38.428684425963844
100.80704940099102,24.61898454469055
100.96177681180296,-24.074917969186888
101.36924852893624,32.392736540008414
101.52194213754998,-29.98568714506331
101.55364997614824,-59.03363485941102
101.68003579655016,-49.21365332363024
102.90338414860202,-31.043369376537033
102.98330569413986,-4.772181571326598
103.40324378758913,-32.99052540582845
103.56945708013856,24.78905932660247
104.15091362627838,-38.85333354911413
104.29573628105942,26.178540935662827
104.30441987191168,-48.99488236451475
104.52528086891321,39.399038722675364
104.58355604291175,-15.41090368726458
104.71935205089281,-54.547704427176
104.74725518674946,40.42374468309569
104.98647573224,-54.79584398887661
105.00721339008574,39.68542137724192
105.25222663565194,-17.932455499510738
105.407707158733,-50.439945487214345
105.55887290544372,77.21399601053648
105.76185929738735,54.73872152298605
105.82360568056542,-38.36285862648435
105.94613822409129,-16.146306420012706
106.11743168514792,24.1180334712015
106.15963554807892,25.75463365966753
106.21520809715886,26.325113204370712
106.4174654783704,50.82777472012535
106.48384334589599,-10.427237418697061
106.61396250231869,66.71788292893747
106.87916266645394,-83.23887254588679
107.10238873352728,65.32251244786914
107.11175783610138,-39.50615943149822
107.39551697522471,-31.488442522450786
107.41001238595707,-9.579842050057053
107.661598832041,-58.32758047058042
107.67887504804831,-39.78619764423951
107.83560718224078,-45.45148950613884
108.13928781904384,-9.217249552721867
108.17096078368687,-11.563801178990946
108.24711005527384,58.112418954668065
108.27333213107886,48.66264987061713
108.71136720743065,-47.759915860684735
109.14617704999365,-28.02646115976405
109.22962147108368,-44.016521403032534
109.52042099354263,-19.168037665017664
109.86392962422644,27.941159098380226
109.97036122872595,52.84753514106357
109.99399477128898,-70.2839399696625
110.28920053776964,-87.48222008444216
110.69544153867096,-46.25241114859286
110.98904250762585,31.736859240500497
111.6127211730737,-45.71496481611712
111.75613576582808,70.37513676914605
112.07455397653659,-39.867303055577175
112.35336109662501,-32.86734683846019
112.48033064619725,56.994445554818036
112.5421470866607,59.53323651930089
112.6956678061819,33.37842341550652
113.0210545991327,-64.68482952455435
113.27132137119057,48.39869858912259
113.29308962071636,-29.69523727284201
113.81533383907114,44.3531165671741
113.9114497697498,-37.016998183116826
114.1463263149282,58.96477812852638
114.31110873345848,64.89812801623151
114.39785976179043,-60.16797782299778
114.39806589949349,-20.9894529978493
114.79190180602664,-33.71788990402416
114.81837594812242,-11.808204296325455
114.83827333262846,57.25482709406369
114.90380795426096,-34.35280093508331
114.98582486581445,19.10390683045327
114.99111143223206,70.36315149469998
115.25611317283621,-72.0757028623963
115.34882209944395,-54.890933882501535
115.58441862733572,-44.563107709734076
115.65904506206995,41.661165406154936
115.674840688907,-27.576460976486945
115.725133490694,44.038318589402174
116.05665322035222,20.00083387093052
116.24921861697004,-72.94379321738391
116.32655001875294,-36.330017756396934
116.5005208864294,-44.47697095104851
116.7974204233918,-9.855632523226902
116.955470862826,-53.551371546205864
117.11842197236372,11.488198827156609
117.38070775487438,-52.475150614581366
117.98479746666908,-55.88491624447929
118.03940450174127,31.104405913183733
118.34523252591093,68.79763428502713
118.39250790565993,42.2286737431599
118.4661738962224,39.326139334674615
118.49088236266311,48.176784760691994
118.56926995348331,-13.147447298214047
118.58220877263531,28.5754688812078
118.79679940773842,47.508815659966366
118.92974370482851,52.386675473184404
119.30796857259851,-64.68576666175832
119.38767570982642,46.85771943541965
119.92650785954555,59.12697144877274
120.08238908107292,-44.41715297898881
120.30179326442727,44.47595130149568
120.36607484258707,26.03493205607179
120.75006739319834,25.390132904777037
120.76045304514558,44.14886562631239
121.0373178289324,57.02371691358422
121.13885471332328,49.644524331834475
121.77848648190069,51.75294482121846
121.87124294545592,-45.977796562823364
122.30784229758149,54.52811605502329
122.47811192121034,-38.41769973773725
122.81727584938056,24.746106159859252
122.89273049568668,-36.820782029434746
123.00135239018564,-35.52565140900123
123.35720602259062,25.390316266053066
123.42328471594892,30.631075218646487
123.55303466146096,-10.364615936344194
123.66065688535092,67.25401352601703
123.72062848227348,34.68808269640522
123.84689616316696,25.754507837863606
124.11823207232322,25.02702532894112
124.20473896345501,-36.48209553756807
124.56145519686658,25.38087806901339
125.11352701539421,28.140789246992163
125.25495964141527,33.334551324661476
125.30085871839886,-27.990304250742742
125.37455091735134,-8.674659362317541
125.4170400304197,27.954957730576034
125.55607536116446,32.72654496021986
125.68446925718236,-64.12798609337838
125.71154601654864,53.865420975080006
125.84263345009191,-18.72747736879539
126.07306603982107,-49.5562556123981
126.20801691744215,-33.17426545417595
126.2835861304192,65.62571521090621
126.36474595637144,-19.118481740322864
126.57131063213691,51.61861080728232
126.61198162571341,-37.63472049165277
126.62225423022512,-53.426828192395924
126.725458388584,-21.03958745019122
126.7289797718137,-72.82610544592548
127.01468932110201,26.217308273108664
127.35688271158865,-10.69122153818243
127.44380424272775,-34.74600441919047
127.50722990041358,-30.523297001572075
127.71236608213749,-69.55996723839783
127.86019499339385,45.054014873225405
128.15556339700126,-24.714037978361322
128.18998473640872,-51.08963841963696
128.26677090240125,43.03821202766056
129.78017222237722,16.85230924999088
129.99423666119037,-22.423124228847342
130.1371340277226,-17.027600131715744
130.21454554390507,-62.60817623530082
130.2530056969189,-26.508596717707988
130.64963429318814,37.16594593958013
131.06206843603016,29.98702780111403
131.1503418008634,-14.723848128463828
131.19572699439578,14.489396664909675
131.27597630045662,-25.820624246551763
132.29362994000678,44.51504743682667
132.47983015067646,-17.276771723888302
132.5441368873062,-42.165696809603645
133.5908258872448,50.680783779482
133.60072112729117,69.0461919105623
133.92718591886035,-42.73572399700839
134.26659890994804,-44.28693319607396
134.5296741925685,31.988305850891738
134.59454665211234,53.3850053502462
134.64268430009906,-11.800766571104289
134.70128422630648,48.91565066908869
135.03727216431113,36.046265723787336
135.06318314868665,54.39584154276143
135.17496246740168,65.43534588590691
135.19049909124138,57.88064154593497
135.70087337311435,32.52850704032993
135.76289693006586,-62.03651725942754
135.94163706651509,-68.2296811670031
136.02496000667898,-47.15429650568686
136.31255349082258,54.679611118608534
136.3346264132733,-44.53156039686138
136.6492506370133,-25.03248084350919
136.91098859574194,-53.21805567710317
136.92352494622628,59.466233542490656
137.24668986514214,53.93603994844521
137.51333237126894,-9.98379929731253
137.58241649664993,53.88260188427736
137.7440338325605,-27.08870650992616
138.11389724460986,42.06377214055872
138.32022572391605,-39.82120573700449
138.61808667727712,-10.849559911356907
138.97838062748002,40.564043598836925
139.0007016856876,50.9265504754864
139.18426315971536,56.372810319152144
139.62517772672334,24.188630515648104
139.72903207764273,-17.135601584773667
140.63602576870295,29.459627350756712
140.90434783386902,-52.52638661989681
141.05308345571763,-32.61408409903906
141.59647409861591,23.694395009348803
141.77244709239213,14.199346062953039
141.9870516361139,69.313742447599
142.18413972669583,-53.27086431336028
142.2079670451542,37.25808564742599
142.39740366388094,22.805946317609482
142.41495543475438,30.681922089769635
143.00015034231342,-77.70521276286982
143.26153738098844,65.24860457455671
143.44603556036958,53.66660727014538
143.62581806492568,42.614557223140345
143.70406779179353,-8.599406699967375
143.90772759438298,25.065102909047493
144.2375334384128,-18.196305027692407
144.33920486172624,62.85618449304005
144.8155249369575,-49.867567857967494
144.83440875120957,25.11734317975167
144.8420768122179,-35.16490799530344
144.99643298442155,-24.641050576890567
145.19739136046275,32.142867379820466
145.25029745549259,50.844694073378385
145.65675687113216,59.30179273096738
145.9269851998919,-12.53236984553972
146.002342264246,-49.453611529551154
146.10553659286018,-55.552136256518146
146.13070659139137,40.97127316745514
146.1642238897337,-48.92086206969165
146.3598503481236,-15.594246159933617
146.82122259281996,40.976483045691225
146.88908499727802,17.13296942382297
147.11510302344615,21.841685706415333
147.14061252353363,-20.56488734051969
147.17009568741858,42.6745729432368
147.88314924471769,53.2407015488469
148.36728733722495,75.23676210060921
148.60871237670358,-48.618767306486035
149.22838060468746,54.18011919494636
149.39799878974551,-36.8456208986842
149.63576540528126,-84.19179911189238
149.73025951323896,24.49367740640203
149.75593619701922,34.68683303271562
150.2453104181713,48.723500279455465
150.5616574597696,46.67474405677512
150.56570093175824,58.32795861107107
150.6459966356409,-14.21494439378452
150.9062058173395,-39.05390241561153
151.19082716535445,48.271461284711094
151.6217068388031,54.78337109633293
151.86983201455598,-75.04467443107964
151.90402873989584,11.630126707112055
152.33421913121538,81.28009876390216
152.4089389697954,75.00838040332056
152.4767583079659,42.11887988464646
152.70619161832292,25.46693607486246
153.00736932532632,-58.265450031093756
153.29440129056346,36.56625699427836
153.56451721736306,36.825116115524494
153.57148960056244,36.2649620257854
153.68743313818874,36.96575193101194
153.8005933782863,33.79000162017435
154.13705837960825,40.19977120967272
155.10318684269447,-49.97067051009944
155.2746166515507,-68.42162242050603
155.46427030081634,-60.154651349336575
155.80668266682744,70.4095899508669
155.95138705458334,-72.13259897041814
156.2469293399698,22.32537921286813
156.26979973719938,59.64982334393155
156.8846094612605,13.487619860870195
157.07100532371018,-33.6324345437004
157.3273969647741,-26.774583107549105
157.43085251904355,30.34440980625565
157.63199608099995,78.02663313496441
157.82517307014714,21.280952054910983
158.35780630205758,-47.49451646717482
158.4580528195997,-42.9209317394058
159.4012609628434,-40.679454899104364
159.86157468600402,42.57206051885605
159.91547858469698,-73.50623197477776
160.83207631093438,81.66585525494287
160.83989004734482,-70.63446527786755
160.94775763320004,44.85235844030582
161.39578548351386,26.275475685372427
161.73205976785925,-28.58155830007918
161.94076881245954,-48.175337306031
162.33639125874433,25.03782783960608
162.49433763900882,-71.98997434651609
163.0429244805819,-27.800517566571088
163.22897142559836,-26.4898110838555
163.61988632256677,34.30321558294185
163.69878866785876,53.52146569967388
163.8742363374558,48.54617161998275
163.89425728014103,11.552727079838533
164.18321446989555,-38.887003878946594
164.29042323828563,8.946279945576931
164.3116069005706,-39.463011868303454
164.6529455980403,46.37975390172154
164.85388323470374,-16.552108856000814
165.06314627532552,54.13395266821102
165.12262834908515,14.056950470102874
165.39966969573203,9.220220120283784
165.41429132232247,25.930878048203297
165.46026600357877,66.15997485608045
165.6855611433763,44.01804499901521
165.7691902098064,31.158752878928706
165.95534988917208,41.017599563495494
166.09369113820466,43.38171702745754
166.27243227075297,-25.020760928006496
166.27627586692014,-24.712289181155647
166.56552774481702,-17.699821052797606
166.62213270262146,42.132685101944794
167.4379347478472,-53.67294722894818
167.4431512530038,-38.06930444779789
167.63706887054232,-43.9927813726012
167.6676608508269,-65.59357125280275
167.67125400989485,17.63391351728312
167.98814237952794,-59.95583742711162
168.33657784242192,69.73755468338912
169.6237919155065,33.842123950450286
170.22163298559929,9.74427321454219
170.26825081295803,73.90180108001495
170.98824579834445,39.45580281165474
171.08839765165223,-80.3898605448567
171.22015200074182,-26.03017445028775
171.4876418235754,16.171755010254998
171.79078102032904,-42.084080964543254
171.98424691417176,-40.662377443500674
172.6331279380705,35.152193802832734
172.7473095927217,65.30938333447705
172.9310187651816,21.344823595242747
172.98961966040366,-53.55433436465199
173.07499915288543,-36.15728227228732
173.76057256063632,22.928546388282786
173.90897334652618,-51.892789738768904
174.4088121543839,-57.339187869735916
174.96401091125756,23.373041439088865
175.60822069339486,35.475450214339865
175.6907480849818,-85.98473645000107
175.89895452560555,24.241404369407608
176.07556955716373,-26.953916554396955
176.2560504757922,-52.57279499895589
176.27241544634586,37.54970212069385
176.2763519208923,-35.04571738555029
177.03377679582485,32.64345229387207
178.00740703812718,42.321516850537726
178.9497446956597,56.00275371595295
179.0965349063037,60.12160726825144
179.333680657748,-22.225241705847
179.45447479555946,-43.9278875287906
180.25621906510185,21.031543308581774
180.27157333035603,-29.534963079474736
180.60409207808846,76.65053575549648
180.7459008546517,-85.21673532005087
180.88254734249657,31.045073359387327
181.06663657218175,48.47821195774825
181.44846956586258,-44.762938135909856
181.71341146415563,-68.65396980990181
181.88163800378933,-30.77430476968448
182.42775476830238,-28.28432812168872
182.5987373525796,55.83695546949867
183.3067739079747,34.988625370040744
183.32276909676247,-31.51114171203453
183.9098852440177,42.995620742885954
183.9219573150497,-68.82880663670284
183.92196793226933,16.362453312717733
184.2432327100701,43.691631616015364
184.68528255315326,28.911641837052212
185.0812570487769,34.020995814412515
185.1691289306066,-53.634407010700386
185.45269469329804,-32.01902865326991
185.50254161970506,-33.94671487071893
185.6821825618412,9.822458872069165
185.7265312317434,-32.23981361344816
186.2471419106601,-11.997318574064776
186.3769701464037,37.26977506024807
186.50824606150607,-13.453955119361439
186.6129395218493,62.94481302771014
186.8183424600796,7.320994002249051
186.9901021718173,38.658411015134114
187.53322555023846,21.923606995320455
187.74037473537936,20.66552559718602
188.33966194381432,-34.98378532913071
188.385644449795,7.05048216994372
188.57860748546258,-68.861443998841
189.23413389886844,20.559932406770738
189.3178098395047,59.248451966453764
189.535534358871,-25.106789044205733
189.79291167486718,-37.258144841953296
190.61890791299962,66.46242101869268
191.0048399823175,6.655957704867588
191.5725447838707,58.88402480196932
191.63696712812225,-28.018893310163694
191.8295511419599,-26.640451852628388
192.1898162999214,56.129990075782615
192.40089328618993,-67.89001353695943
192.7781018054756,33.1471436540087
192.907537455528,29.63885828957532
193.31530853173442,-46.13426253632999
193.63512133637826,54.853148904802815
193.90943568079223,9.41816781518648
194.36930991758754,14.075002516942337
194.68739791334164,-49.76827834461363
194.98025112987227,54.12720576975614
195.03792855541283,-79.43559708822104
195.2418616817741,29.348576943488172
195.39322966217074,-29.088282368134244
195.60428250752412,44.06644849200357
195.6599088569901,-17.675847463528346
195.75778417893105,-24.320605421790233
196.657711683554,-45.518551236629975
197.13485959863232,33.46807810784064
198.46696505283825,46.01693195290577
198.4768278459997,-23.69750092418832
198.7326184304167,13.343482378815427
198.80557851113082,-57.574064414914325
198.9021491641056,18.164766444171647
199.09809550344318,-16.613529422714365
199.61306152130942,53.4106247359835
199.7354951062497,36.98170841690821
199.75750197575542,46.59009752239115
200.06561180921474,77.22685128032809
200.63094656681668,-64.71636590923998
200.82519459362393,27.428295618776737
200.95924643946256,-28.164608565916733
201.20253789824935,-42.83755993968788
201.50828436570484,-27.31998737315295
201.54137530620682,30.628433406987586
202.50513681468982,19.176381967736283
202.61286255827932,-26.26450458033256
202.6657493272912,66.98060351313663
203.1828603565121,20.843817394789355
203.2274703005537,66.40686857835493
203.3257425735596,8.911352863071274
203.71249499889458,50.82307309988526
204.1092204016457,16.511542681920773
204.24982667589958,14.517421142411365
204.7399883714964,15.88849965602138
204.9116110606067,-69.7159179071403
205.0538114543404,-62.95341125905678
205.48955928962638,18.701056542780908
205.56081636330345,-44.2093466985979
205.65921198586025,18.105426539215344
205.90407736769703,73.76163745264314
205.9371945922316,-39.46211691510399
206.2273713462933,24.890292831126327
206.4595567969388,13.89267739940864
206.55307574705455,-43.223686704555796
206.75571379935056,-33.21057473980373
207.8885364200228,81.31378869126043
208.57247540882665,-44.31567748378916
208.60031589664945,-26.006350419996195
208.6123231403001,-74.39451173671625
208.8073933429956,-30.67000391574745
209.17264453905125,-80.38364507271197
209.53394921522982,43.32672363942746
209.5459007168141,-36.50640056152335
209.79308819105248,10.230562981605175
210.0153761705116,50.85770664172368
210.0262622001641,-56.38290445565588
210.08526709519163,-60.96779416819689
210.22400189761296,15.567146085761449
210.3765746632927,-37.00662995595674
210.57376004484212,-44.61572225728972
210.6485391356643,17.097156271168497
210.71959216094646,63.081170068961846
210.78491069263276,-36.252986882937535
211.21237416712702,38.665910291512425
211.31224227769275,-60.282015854770954
212.2527976053041,-53.20324976362448
212.44395567700386,63.19116201267139
212.50206123110897,-61.38596566994176
212.8030633741625,50.6374251785363
212.82622264736102,-84.04064200560708
212.93228118654972,-54.044796387742004
213.27891328692792,78.3856654437807
213.30548272279927,50.99120504616974
213.3936916321315,80.59449657461978
213.73360741389897,-56.157294429276504
214.0865516903724,23.15317072952982
214.6132082059253,-22.70674759737979
215.19948051926545,-49.65196022304833
215.24765233036584,-26.10296158456599
215.25509191948768,-87.1472672190738
215.5118250700101,6.584655025250968
215.61166877529732,22.612151535360283
215.75445712377356,-32.97957643196003
216.25096082123218,10.103035730886276
216.44209066262115,-29.11464935623343
216.6290477435629,47.008207601475064
216.7620741029005,-41.8471653334598
216.8089326349089,9.250409556415251
217.09108774952213,40.15889043765011
217.40636928160993,10.885030919150212
218.54845697455752,13.265361394839386
218.58260944397657,8.717715914860051
218.59490989096585,71.31455528592404
218.8186960455085,35.51037856712522
219.1244955655156,44.49104775050465
219.45502988164188,-35.90468821640191
219.88412968605874,22.83808736291513
219.89390424345243,-34.39816424644211
220.11456075097388,22.91419061795649
220.53549750644615,-38.5536951237213
220.7464547291512,-58.919406775731744
220.8378254552999,42.20230359593616
221.0688335632845,-44.05659921355138
222.5251042909142,20.584363993431865
222.77687346850212,60.67909809669226
222.78331276229736,12.846244607238491
222.99804121131038,-65.70449652406543
223.04809187566207,-20.27847215022001
223.16954538102868,-68.81667681233786
223.47867620451808,26.85136539900062
223.93600193675724,-60.107352511368454
224.00123763629182,69.33239120012387
224.016817605645,-11.147281041289176
224.0386759142704,-76.42671233423317
224.3760602875988,-47.33416737194392
224.3829157451577,-24.95634576935669
224.40443274599167,-76.54755849180708
224.53741462418338,-30.274317396750284
224.82846264509598,13.625767267022882
224.86885638384743,-79.51623836887705
225.18468662866783,-33.61799075433717
225.48869605102607,29.411925872998967
225.56815363991464,-27.278708332704298
225.76047023303386,-17.35978048083085
225.84792959474643,41.84141480578519
225.93210067913415,-19.995289267614453
226.12164425873797,-19.51124226250541
226.1573305896353,9.020341464412539
226.16418809956198,-21.95521528956644
226.1828611256699,76.79030790397294
226.75183025499317,48.957417183055476
227.2118434955936,54.796788376214906
227.30156749595955,9.006213228047699
227.4402177006821,-31.243015805976494
227.59314565836638,22.98716475243775
227.6119820029308,54.879877722826635
227.6126652507068,-84.72093163463614
227.63616060875646,-52.28543611152757
227.8902042235809,36.5862541243428
228.16070022693282,75.20570662628651
228.29598147773305,55.08654581310778
228.30753594202363,-49.0297846394291
228.35078629534328,-66.31450709008246
228.38125550651736,38.58169621893617
228.50268434526646,34.955758751447895
228.62118121303212,68.44092572969065
229.23191292375984,-17.232303403042707
229.37850793838803,49.70444854893047
229.40225784166,-15.490379768446846
229.7475034582092,77.96377534798356
229.930330758002,15.300112947583447
230.28382094632104,-24.429112218982603
230.2880503317164,-28.576775431690038
230.2963914399661,-47.13343597623506
230.4885038065021,71.51453355856195
230.738625333908,27.70811469397177
230.76132888270908,65.41857777149453
231.05327848859216,-17.329797523255465
231.41757156907062,77.48276471841696
231.56816554461025,60.0392243159343
231.70269183136762,-7.804704442194463
231.74387147586026,-70.59917134942009
231.79405348521504,31.488173607088605
232.2711012176054,12.590105683173844
232.45578953276257,-17.441040814267467
232.84750046690425,38.13566981746183
233.0537862549755,23.67597398915727
233.1250114676404,-26.25010654156216
233.25251454456767,-30.017100094849287
233.4173435641169,-17.138825434061914
233.43928213173103,-15.369403457867575
233.4690071149989,25.46795608018016
233.6880376213029,36.147868677749294
234.06375454639198,-30.742020233545052
234.09924233009437,10.459394020642518
234.52089859415997,82.85601616779752
234.59330031553446,73.01158449340502
235.5618725116903,23.29663410781744
235.74787358784042,-67.98808630088485
235.9624476326404,38.21215957527772
236.6801304755272,-37.71271874367305
236.92925235901265,-26.65256885713804
237.4169384175364,-21.345142792900898
237.68574734251138,57.83920393444329
238.3444507860674,5.945089771749308
238.69563189095834,63.263525837378204
239.27346579621585,-26.01040788282974
239.29977568489875,24.75454965156149
239.43487660053205,47.95565264867604
239.66819608872916,6.8004548520775225
239.9372445404964,-39.97094275645205
239.97421601537727,3.741178030402239
240.03951811482688,-19.81411388008692
240.30888617100948,-50.34723332044797
240.3931250464777,7.91296972446753
240.61534809066399,-60.4076442587714
240.7171218999464,-74.03410997497136
240.80849924746414,-46.51620875659481
241.11171558867642,-28.6811757728448
241.41627023981056,-65.88101502429595
241.76180733023958,-30.88396475248673
241.79388756222062,-24.01529596589067
241.79806194885518,50.302610051854344
241.91885668787504,7.798652088655686
241.9806048677117,19.567044986884056
241.98936757626637,14.870548752690198
242.0901811684157,10.417408847814457
242.41195129885682,-37.405494912450045
242.74311993231228,-11.6660202483733
243.0001463425037,-65.94288452471116
243.0252793299597,42.878717020928384
243.15006260306168,-73.84826052765533
243.34025831583008,-50.928843133814404
243.64354293730216,67.74869183008207
244.1180096914792,-53.59250126090376
244.12295474843827,26.12215159888398
244.37829078267845,-32.158146631662625
244.68060658380446,8.637612044129128
244.71357486634759,32.50804379357657
244.7474960485856,-28.59299676601526
244.77697509771062,59.805449367741595
245.47687797793816,-53.623112153748714
245.66985621785156,-7.409937586861731
245.70214851769973,-33.75031696965982
246.36312019241902,-30.273497774049872
246.41082368494202,13.148811992465482
246.4512970496487,-7.682810997389567
246.49849454176868,-35.31192341909317
246.50746531792012,-26.09337129641973
246.8666267598951,-12.290582339377096
246.91950740220832,24.65200119136293
247.14646092794948,25.882521242043254
247.1901194971242,-23.31317300978087
247.5622884878376,-56.067256824390796
247.6975205901861,-25.061476041061525
247.97817110684318,33.529274802064364
247.99854068728692,-26.377762777149698
248.9560291946229,-20.7179418469718
249.06059018488895,31.00983833619081
249.14409431995074,28.9897248457457
249.38386193578447,33.26805732505343
249.52802704126708,18.218857790391496
249.8072522391927,-68.1107227640577
249.80949009147758,4.565909240299007
249.8732518637003,-21.652457042480112
249.91951921610598,-39.86431883501422
250.045565767416,24.141228192282878
250.17984657781574,73.5335538622121
250.29138055014684,-17.291821671470206
250.43513234865517,-41.42140411213347
250.4395253444325,-9.029661159351804
250.47272938541678,-33.97844996345469
250.5989849496075,-25.033991359841394
250.68856971076139,40.762566462157935
250.73554906610372,22.85714353839964
250.8969374966424,-36.24851825832178
251.13499087491346,-78.1573039316113
251.2150611478586,-16.743752392039045
251.55055767762292,-42.7852799196354
252.23601654988067,-50.62240736326129
252.45744342093946,73.44764737507151
252.5179675780576,20.021617877525344
252.95008649627067,-41.35899690053952
252.9549708113995,18.94431668570252
252.9961901029852,-56.09774634657274
253.04140595529068,36.83337378360845
253.13503418843325,57.497076343822776
253.2119147977309,34.25782556081253
253.4375834040402,30.57717987877898
253.4424712522144,-10.9375610599201
253.4898706210736,-33.72827731171885
253.9519248131668,39.123276665125275
254.08899810881303,-58.45359344151885
254.1013966729633,19.95162209891106
254.4609325465036,-14.443232645102839
254.51539049876183,-27.32204171647961
254.52145330691908,8.274648731587218
254.5226755892961,62.525023358713206
254.64147339101456,-45.20967348876371
254.66332307619575,-34.45413824104693
254.7372685961025,-30.52744207008573
254.90405753879932,33.929158273294675
254.9224673734689,82.31793170745671
254.96437741421607,55.88735785080168
255.0765837619011,54.84526905894365
255.3252882858109,-56.273552149039055
255.5163924243443,49.96822751320343
255.5266507555596,-35.6663861178579
255.6044207809597,-46.18382238894762
255.6473143689473,-25.302089945142725
256.2495214143301,34.83353632477089
256.3806045904696,44.04642930911577
256.4195628772657,32.31925053472825
256.53279764099386,-65.70726427624392
256.6749126417792,42.054062882506386
257.09312379647866,55.61273322794496
257.32800524763053,-22.19673951708097
257.51480707170737,57.54994065852203
257.72854330768695,17.851489673707842
258.3381247433641,-38.549128418204496
259.2206780974012,-19.107422556642987
259.30097380128393,84.41532912231128
259.58395296575287,-51.07742477455545
259.9885619750769,-18.440179558166815
259.98998750056273,-63.43937195468831
260.5211329654287,-54.50627934921349
260.63980773290325,-28.946476009865922
260.7666231141419,-31.270008713576388
260.8015473425238,6.717585989245265
260.8557735512946,-62.195012883566534
261.09286026965844,-66.14566495533518
261.1146895542458,34.902049003328145
261.28973364229495,-36.47380689880404
261.6763411732998,-10.973507237832266
261.88800357207464,62.85281550223195
262.0104877348856,-32.98399954145775
262.238870066723,34.48020740529495
262.2710952222423,-35.3833945185682
262.36829375053503,-25.15591113531721
262.7302751797639,-40.92795084148778
262.8318264323437,25.775765385315946
262.95522390555016,45.747974391934655
263.0309179022396,-56.193191518127634
263.1495404955743,-23.41779564613425
263.19683898669,-25.19338275993479
263.24043566925053,-33.18862251181132
263.659629694636,27.87989101499335
263.68081894617626,-22.550479936111397
263.96675798558965,40.64792515203386
264.4019503187462,19.49560451897516
264.527407233421,-17.778418008320244
264.6003118527321,-51.07576370036178
264.83856275131944,35.846637569092124
264.9283474387136,44.70383793095575
265.0281967033664,-48.960144022396065
265.1038536609931,-59.502860227683925
265.2193761355401,-24.8388241689524
265.35331829378447,8.062235501072692
265.49288325482934,-30.50463289024826
265.60641319774294,-46.87240107993327
265.8656716489249,-19.936771165951047
266.04075383554647,-21.25069147093052
266.506153085659,-25.314518861642114
266.5489605629604,-27.318629552347698
266.8307694036009,25.08806592822978
266.8483068543847,-14.421842151716106
267.3016388977606,-46.194582255219814
267.55408996157416,9.14432597817597
268.07754688551483,9.398067388927004
268.30112430789904,28.896719620802536
268.3423330488242,-43.64121417479981
268.5186965768096,-28.149117696879145
269.0203603109687,22.275901322520557
269.02325631117685,46.30985144565094
269.03688936876017,44.22297252211817
269.3109806606009,-49.87061528635019
269.3602305240686,-47.20234019797991
269.57570933200407,15.700000095307374
269.8235654163757,-64.3519559411971
270.0777908365964,-20.027105388789664
270.37400978670985,69.42453258358695
270.45025363457137,-14.504697850242126
270.63436656227503,-35.673778310344076
270.78984375886563,36.83213751936868
270.88705101113317,37.23366043501164
270.9356976847206,-58.78888526686889
270.9543147140795,-31.78533282607552
271.04999647887087,-12.16492679603833
271.15042955521943,21.102254660350653
271.1801754095535,-30.95517797397383
271.2860726090716,-36.117218168670284
271.53070064708845,36.41070921417763
271.5395097624754,-56.57077416844539
271.5596453460768,26.007714732635197
271.60810853556575,-12.50478775741368
272.086308718795,-29.063257435045557
272.08894573900204,-40.16455425833379
272.11606254875977,-11.508512533452956
272.16836717867096,33.47650314618185
272.65399362865884,32.50251134034886
272.8548285110139,48.79046003898368
272.88171213558707,19.14374049369277
273.545674193522,-30.28554163179629
273.5932086629932,63.277283242785614
273.69428608076515,-68.38210111602913
274.7301946245889,-16.790489293854574
274.7390695103806,-32.20091585592468
275.24293585241713,-40.421232767342865
275.4559794735944,-28.87276695323089
275.6461552961605,-49.091024943452204
275.73863574218893,-6.126430507551903
276.0947178896983,-41.533457962359186
276.14624371463253,-7.684539592823228
276.46700007812376,-21.525610162166515
276.7584551781112,-59.82565259972034
277.38830795496654,47.073038595600174
277.7645298368172,-51.743149060330154
277.9371449516637,12.349122948877449
278.32397954549657,-18.775202155413567
278.3336237726046,-41.537996017396644
278.56035021371304,10.748479764023442
278.5845297356094,39.169603746028216
278.74040149259775,-45.266601180816174
278.7938431383622,8.549446169857077
278.870926202924,16.707164625982116
278.91766961257645,-15.760030886565774
278.9277955888824,31.067106105135654
278.9496990496822,-17.623980579562737
279.0246717066982,81.2469201431052
279.51724091425444,-44.85712644456432
279.79428094719026,39.09630393435146
280.17528865965016,47.83256698902442
280.21405681337916,14.570163863182204
280.2338643619722,-53.846406713109815
280.3979239909437,-10.484726356363963
280.76047914475373,-52.304998115595566
280.78309353351125,-52.220480181188286
281.0948955752072,-42.518818998060425
281.2688492900318,-46.90370401112272
281.4843119125985,-8.34549747001158
282.1129900365107,38.61066258795396
282.12114277235736,54.041402837526036
282.14071657445635,38.291103492123845
282.28445271145364,49.94226062237459
282.32472187069646,-40.15368059717514
282.67542392820627,20.833224921555786
282.9629074259858,14.235136254203908
283.16642695457375,-22.916974127115488
283.26644526703336,77.37480331023572
283.9100603510597,73.87940814102465
284.30126933347145,-26.757562276137435
284.4102614165268,52.450390168166116
284.5961969018326,70.84562581238592
284.97784055189624,-23.694017527711612
285.1884480729708,16.11690746698902
285.28758752731426,-47.357031179665604
285.52225638458117,-62.238032172895366
285.63232717637294,-17.23025358925662
285.635888297292,72.7528827135784
285.80079638461274,-26.46938293467625
285.85577770019415,-46.3626414098815
285.87320981187116,-74.93243526553277
286.0707097523466,-42.75034177784127
286.2843727482891,-38.36589812959869
286.32975355469523,-30.62940527132089
286.3943884809066,64.0645789681067
286.6204934713908,-31.245429604840627
286.6617007483578,-23.93193350707067
286.68550686804593,23.1881845857818
286.7579821911555,-37.356356892040004
286.98880321352937,32.902809481320986
287.0028772716894,-35.2474057768018
287.0572779843282,-23.2193945124766
287.220656109275,18.132571968207415
287.2527419870002,34.961899507108214
287.46246981795645,81.12366837548292
287.54306835885626,58.63399206702266
287.55049960467323,-14.258425378040812
287.56161915264204,-28.320432501641413
287.7281219920873,26.468251366941185
287.96933120874354,-32.99543774776289
288.0649494529586,-46.7335023529719
288.08199760512696,-14.81044809695041
288.15008553006857,-39.04161363464471
288.2717314308929,39.972710090983355
288.63382224855064,-37.66911732431296
288.8756769587248,-32.97898329999735
289.1334641103093,72.19701499484377
289.1619412723618,55.273387404689515
289.30747014601064,-28.95044915068339
289.50445651286685,32.71995077099174
289.5095679528472,-47.49442804976053
290.1964475369346,30.165093530738286
290.38849784632686,37.573411119800994
290.8384707088473,-45.84369262865931
291.3446696886153,14.703994589779427
291.34735212777736,-55.31306148023717
292.04013907940333,22.91572301135591
292.2260329519474,-43.337031907095394
292.40836113769774,-57.11610685915107
292.5659621537269,21.97470364050133
292.69486731122413,-18.326430169257293
292.7456308421395,33.49329751971838
292.77297152709167,-23.802583384568962
292.84375098274916,-16.578183969977275
293.0102894699306,-65.78127521965115
293.09877155050134,43.202245146889375
293.12168471630775,-70.85131361097099
293.17548823525885,-14.350544139376778
293.3510240613298,7.3342508144221785
293.35497600957206,-10.508354817404284
293.6389530246375,8.254533663917611
293.8004389075249,-40.77461067615013
293.92915049094205,-17.266792751649902
294.28235005096167,-19.036037183665528
294.313263510966,-14.181809212227206
294.36350401873426,-29.53854209859982
294.37246593122774,-14.330128950218267
294.4525182578285,-13.946738692380206
294.64925181285093,30.159175888955037
294.6843589851848,-37.01649274911824
294.89567265418617,-37.193519257288976
295.00485878179853,-37.76122925545975
295.1903546241462,-56.991136324368846
295.2509371186161,-21.55350988441833
295.2739634412128,32.25761909629066
295.34830801402336,23.34996906007257
295.36119258444734,24.29599117129653
295.61171721192767,-17.508624054033803
295.63588786526014,-51.96135661436699
295.92316405532836,-39.391936919800294
296.27951208059795,-52.05267205607387
296.42395352527365,-32.49061815977103
296.5949622272441,-10.504881689103485
296.8891518151365,-17.075180782397226
296.9122820145993,-7.008750805858128
297.16445531432976,-44.90646773112852
297.31176883434864,-34.685963902418194
297.6470764810829,-11.946495136450707
297.8476899012553,26.03197393114429
297.9154755947077,31.434460999455624
297.9716490388971,-67.74552802449661
298.56423428283216,13.536004920950575
299.38899069927845,-57.323269392140894
299.54326148347405,17.833220330095752
299.6868095574622,-60.21147194517087
300.9862466832754,14.389334604906109
301.11739379057025,60.058681027599604
301.90645792267037,20.17864566224856
302.41252678575745,21.603885840272174
302.49147295908796,21.53953442261816
302.85867474234266,-88.63044279734207
303.0016442620493,20.8659043910198
303.03127977893666,-68.49149805143037
303.5463616765438,36.49976412864801
303.56504634370924,47.547583100440214
303.7244914905817,-48.28215427078496
303.7501665232154,-32.864018750239985
303.75370725525397,33.704654322156536
303.9871512031275,-18.29073154553976
304.447431384801,32.48737564114811
304.65830658452205,-31.667824064689604
304.84429074745736,-41.4081397215484
304.84503035676585,69.84063690055213
304.9153266637035,45.43846615662447
304.9507070436042,-18.607199992398762
305.1409280327603,-33.60807558848168
305.3910632142857,-40.24349664681713
305.55195634011244,-42.777502366831975
305.59831969681204,-54.80520160114688
305.76935891988927,44.7920720278874
305.88455782768506,-44.563906423495695
305.96137558160456,-25.456119029608914
305.96289376972567,-37.154323651936735
306.02025222667294,34.472384550564826
306.2223583742664,-53.566814982119176
306.23125822995485,11.921792163455606
306.5066514572898,38.505892450953226
306.62963645686415,-41.257719100485566
306.66541892829656,61.06971892801329
306.77861386551984,58.610808234406576
307.23286449060225,16.355691425439428
307.5681994580932,-10.743678333043961
307.72109553411497,-77.87261804075717
308.0445914923232,-15.487176409726105
308.3382896266338,-20.219411504466922
308.44882940816126,24.240803312760647
308.6459313277937,60.26197785687107
308.85396890896976,-50.61852761325349
309.398143740523,13.263821882525564
309.4344648814052,-72.86059773344306
309.4978815555263,37.31151021219612
309.62856700236256,-19.95889442914429
310.226099271712,23.02436711214888
310.81246427539287,83.91178362270162
311.18380987319335,-47.76352972828704
311.2305247726654,-23.00332906737291
311.3319615398504,-48.50660580112886
311.6276291989654,-42.31552971680796
311.91333139007264,-78.80960647208764
311.9886667908815,30.71592187670896
312.3516762855819,17.84908792616939
312.489785156732,-28.862361962141147
312.62431541515116,35.05029815849097
312.6303807469157,-66.40101990201146
312.9406197839514,55.38616397840222
313.00319193763494,-30.01162706996601
313.3307480985629,61.13087700114754
313.3322737292064,30.299564371298466
313.5582480394377,41.93578122570185
313.8475054124773,19.21917138256764
313.88676913571135,-17.113355386228505
314.26642964243894,-55.358866860557356
314.4613356514968,13.54847684637501
314.77189069267894,-28.575430784114662
314.9621797629555,10.063058633674189
315.3603066143925,38.54598126468854
315.5665207229476,-37.04954967581432
315.66685591158927,-28.647146141612865
315.68991002022636,-18.046311601200763
315.71333298647494,-83.81889739499977
316.31655384558263,28.53603101219029
316.4305338307248,54.02213564130874
316.51992734658194,-33.21239157012296
316.89857213675305,-32.246028870136556
317.52527728972467,59.94748479401113
317.5886404001486,-17.825066740166776
317.79946383029585,26.63487696609857
318.0523687970426,-58.8829657006182
318.14218247284975,-29.572433340362487
318.25831818154705,73.24143957686886
318.4607935891938,83.79276872765074
318.54162391974694,-7.62981190674529
318.62091006497917,58.5596687051621
319.1680201660974,26.638219104223104
319.1996691719308,-48.59719393657016
319.27259672961253,-19.57626813313369
319.415825721611,-27.549933641321825
319.6469857808396,-65.11885389187327
320.94248673578016,83.69354810380179
321.08222050458363,-17.960176172323454
321.3058761001493,50.63426600157761
321.94068197811265,75.57851085257049
321.9828286512805,-47.967033690107606
322.44645516864534,20.292571481899763
322.6348384348188,-49.1532209266371
322.7470856076772,-42.10253704544232
322.7766703016542,59.529032282960884
323.082951687646,-63.989296324027244
323.30164583377575,63.66866286546328
323.3163207405815,27.37652950033516
323.3963978784107,81.61771352035167
323.7026362400374,-25.458132446920843
323.77582854718327,-33.80089432938959
323.96119025867665,43.81555677431668
324.044849148257,48.795571424204034
324.54153291740977,-44.979288754863994
324.59793743644263,-11.522360879560425
324.6956911038439,62.170542783397494
324.9953574899638,-49.26178930866746
325.17508842130866,-7.058251690877639
325.19273763012404,49.125019780003825
325.2569414083222,-33.72240179544781
325.7066957047892,17.34043394902602
325.86900015459634,-33.56195997453121
325.9914092425653,-59.48015344290445
326.0134710722519,17.21123261848649
326.71280267783277,50.30461682457069
326.73411367184985,54.804177125414476
327.2788686479427,11.053599987866123
327.29996027209967,9.995501232593597
327.5322857409784,25.88681673667003
327.66067622254644,-54.26340342231746
328.059832477642,15.793641988828242
328.2418433586445,18.214199558978237
328.3121956086061,-9.710815492333737
328.5888989307512,-25.251751450959745
328.9611715612736,71.97523323317391
329.29978501956606,29.183196498073567
329.3622313847483,-9.90877897567286
329.48761522174135,-22.674072209142782
329.536805429386,-54.73665521744834
329.57362096377017,-17.966459946359862
330.0756125470095,28.110631402138964
330.53607658009514,-40.56058228678947
331.10768145135506,40.81012506934873
331.12839836646754,62.3161536851409
331.96640976563543,-45.74939209270002
332.11216517932144,-23.639791706327557
332.2394461417536,-46.378203828488175
332.293347649756,-23.573089028456536
332.36221644612635,62.19005099489413
332.87276625742646,-19.265971737846503
333.59356978091625,73.1905048865322
333.897890404802,-43.608494861608314
335.1426840054318,30.701206041108907
335.58266846455484,-46.44929704108512
336.01722748260437,-51.271200573851814
336.60370878660456,-55.43516089566114
336.95554416526716,-45.75971353610302
337.010003083,38.30469556857216
337.12218210992825,-66.02374607865046
337.14217070975474,-25.985704769943034
337.2335341186956,-12.597468625604307
337.90552991634615,23.587404176359033
337.91519439332336,-12.154850057081944
337.9211351653322,-64.34423700288421
337.95833647984125,22.70725914601721
337.9916378705142,-33.6166977878527
338.04819668269107,23.6530367591883
338.21437911022264,23.468309385943268
338.25049840994734,22.602201706061134
338.52456769081937,22.974748171697197
339.47578333564456,63.56986583677281
339.6332862284992,-69.34468933993273
339.747460940071,-51.08538470340221
340.0980955313028,22.89126721579285
340.3525974730735,-42.801008164718716
340.366036865051,60.58255499602548
340.46469435961546,-52.20518849133531
340.88220865853873,-33.368136140800786
340.94096819563913,35.073199883550316
340.97342525457486,34.188984084167984
341.0966905017376,-33.152385554219805
341.16888824674146,34.81509292139143
341.1959301457172,-36.12213396368424
341.44050091077713,-40.19214822258064
341.6996163876113,50.6713714313461
342.32569342721075,23.51989733643332
342.3376844627937,-34.936329895478245
342.45937711325325,24.141446993262235
342.5186007934452,-50.97684550699975
342.627263455749,-39.603016614446226
342.8231554376484,-30.487783235133747
343.3358059462654,83.19826861750624
343.46903063026826,52.65458086649413
343.68934307417936,24.1022456935777
343.92058307529925,22.67260080246901
344.996056632789,-81.88117636360509
345.3281950998772,-59.97500105398365
345.38241903767266,-25.321459743563253
345.3865197603469,-39.32978219835317
345.82064989281713,-34.291550125072945
346.30023343582013,-30.35798411162112
346.36774624774694,-77.71574331456051
346.61708210264175,35.064158749368964
346.8695766755617,-45.38908486442594
347.1762437865397,-27.36071709113301
347.27673363201285,-52.462077632509995
347.5880814490734,-35.35170632961658
347.9625359615754,80.46517061049202
348.43155469612196,-25.50967305439777
348.46814275814603,-64.83225342673364
348.90686241987254,-67.37357046662349
349.12168825532257,67.62199175136476
349.1887409875766,38.666641833922746
349.46826812910314,-59.95628413325304
349.50029256262064,-6.859642992052812
350.12835151623915,45.29175040230992
351.76199143200205,-54.7197289892782
352.0503528429348,-24.011949173197365
352.28412548926286,-77.66576071910654
353.3695902207444,-26.496771993248004
355.0732306450423,46.20929057050085
355.0742979758789,55.32007430502805
355.22991518460253,-70.03144153642546
355.5086107562148,54.72415272698135
356.0406471647849,-49.501558219886455
356.0569964515777,70.99166891721914
356.21186812462247,-43.118223201356784
356.2527524993127,-76.07110141683808
356.53557657149366,28.664589374187607
356.8803620956444,-11.334592149087612
357.43489120039663,69.50309531137316
357.7556503228835,-41.770811254501865
358.21412005260214,-87.49868068928878
358.34160401411833,-47.31899716728872
358.80532796980737,-10.833611433845503
358.9416971051291,-70.57102818899101
358.98813481418233,-67.26344767054093
359.07065538632065,-32.12930232981797
359.6093822825228,-8.720568155962951
359.6765219559666,-7.233633882018652
